Key,Id,English(en),Italian(it),Russian(ru),Spanish(es)
Level,121952526336,Level,Livello,Уровень,Nivel
Lvl,1613149233152,Lvl,Lv,Ур,Nvl
Police_man_intro,309256971608064,Hey pal! Play these game and pay something to devs or I arrest you!,Hey pal! Play these game and pay something to devs or I arrest you!,Hey pal! Play these game and pay something to devs or I arrest you!,Hey pal! Play these game and pay something to devs or I arrest you!
Police_man_intro_2,312242514944000,Now go and play!,Now go and play!,Now go and play!,Now go and play!
Cityhall_unlock_1,367968994189312,You made it!,Ce l'hai fatta!,Ты сделал это!,¡Lo conseguiste!
Cityhall_unlock_2,368072845156352,We have a nice City Hall! ,Ora il nostro sindaco ha un bel posto in cui vivere!,Теперь у нашего мэра есть отличный дом!,¡Ahora tenemos un bonito ayuntamiento!
Cityhall_unlock_3,385694965948416,Let's build some houses for us!,Costruiamo qualche casa anche per noi!,Давай построим дома и для жителей!,¡Construyamos algunas casas para nosotros!
Cityhall_House_unlock_1,687214303371264,"Hello! I just moved in.
I need a shop to buy stuff. Please?","Ciao! Mi sono appena trasferita qui.
Avrei bisogno di un negozio per fare acquisti. Per favore?",Привет! Я только что переехала и мне нужен магазин чтобы купить кое что. Пожааалуйста!,"¡Hola! Acabo de mudarme.
Necesitaría una tienda para comprar cosas. Por favor?"
EndChapter1_1,401927165698048,This is the best city island in the world!,Questa è l'isola-cittá migliore del mondo!,Это лучший город-остров в мире!,¡Esta es la mejor isla ciudad del mundo!
EndChapter1_2,401927165698049,But we don't have anywhere to train or play sports...,Ma non abbiamo nessun posto in cui allenarci o fare sport...,Но нам совсем негде тренироваться и заниматься спортом...,Pero no tenemos ningún sitio donde entrenar o practicar deporte...
Stadium_unlock_1,687214345314304,"Hurray!
We have a stadium!","Hurrá!
Abbiamo uno stadio!","Ура!!! 
Теперь у нас есть стадион!","¡Hurra!
¡Tenemos un estadio!"
Stadium_unlock_2,687214349508608,Let's make a league to celebrate it!,Organizziamo un torneo per celebrarlo!,Давайте устроим турнир чтобы отпраздновать это!,¡Hagamos una liga para celebrarlo!
EndChapter2_1,687214349508609,The match is today!,La partita è oggi!,Сегодня будет игра!,¡El partido es hoy!
EndChapter2_2,687214349508610,So excited!,È cosí emozionante!,Как волнительно!,¡Que bien!
EndChapter2_3,688349881819136,"Wait...
Are the legs supposed to bend like that?","Aspetta...
le gambe dovrebbero piegarsi cosí?","Подождите..
А ноги разве должны так сгибаться?","Espera...
¿Las piernas se doblan en esa dirección?"
Hospital_mid_1,687214349508611,"The hospital is looking nice!
Let's make it bigger!","L'ospedale è fantastico!
Ingrandiamolo!","Больница выглядит отлично!
Давайте ее расширим!","¡El hospital está quedando genial!
¡Hagámoslo más grande!"
Hospital_unlock_1,687214349508612,"Great!
Now we'd need a pharmacy!","Stupendo!
Ora abbiamo bisogno di una farmacia!","Отлично!
Теперь нам нужна аптека!","¡Maravilloso!
¡Ahora solo necesitamos una farmacia!"
Pharmacy_unlock_1,687214353702912,It would be great to have an area to chill while you wait your turn.,Sarebbe fantastico avere un'area dove rilassarsi mentre aspetti il tuo turno.,"Было бы здорово иметь зону отдыха, чтобы расслабиться пока ждешь своей очереди.",Estaría bien tener un sitio tranquilo donde esperar a que una la atiendan.
EoC_1,707500608315392,Wow! Look how far we've come!,Wow! Guarda fin dove siamo arrivati!,Ух ты! Смотрите как далеко мы уже продвинулись!,¡Guau! ¡Fíjate cuanto hemos crecido!
EoC_2,707500650258432,It's time to celebrate!,È ora di celebrare!,Самое время отпраздновать!,¡Toca celebrarlo!
EoC_3,707500650258433,With what?,Come?,Но как?,Cómo lo celebramos?
EoC_4,707500650258434,"With a special event! 
A Marathon!","Con un evento speciale!
Una Maratona!","Устроим особое соревнование!
Марафон!","¡Con un evento especial!
¡Una Maratón!"
ProgressionEvent_unlock_1,,"While you're building the hospital, would you mind getting us extra chips?","Mentre costruisci l'ospedale, potresti fornirci alcuni pezzi extra?",Ты не против заработать немного дополнительных фишек для нас пока ты строишь больницу?,Mientras construyes el hospital ¿te importaría traernos piezas extra?
ProgressionEvent_unlock_2,,The more chips the better!,Piú pezzi raccogli meglio é!,Чем больше фишек тем лучше!,¡Cuantas más piezas mejor!
FirstMiniGame_1,,"Oh no!
The City Hall is on fire!","Oh no!
The City Hall is on fire!","Oh no!
The City Hall is on fire!","¡Oh no!
¡El Ayuntamiento está en llamas! "
FirstMiniGame_2,,We are so close!,We are so close!,We are so close!,¡Estamos muy cerca!
FirstMiniGame_3,,"Please, we need a bridge to reach the City Hall!","Please, we need a bridge to reach the City Hall!","Please, we need a bridge to reach the City Hall!","¡Por favor!
¡Construye un puente para que podamos llegar al Ayuntamiento!"
SecondMinigame_1,,"Oh no!
A traffic jam!","Oh no!
A traffic jam!","Oh no!
A traffic jam!","¡Oh no!
¡Hay un atasco! "
SecondMinigame_2,,You need to find another way to reach the hospital!,You need to find another way to reach the hospital!,You need to find another way to reach the hospital!,¡Teneis que encontrar otra manera de llegar al hospital!
SecondMinigame_3,,"Let's build a bridge, quick!","Let's build a bridge, quick!","Let's build a bridge, quick!","¡Rápido, construyamos un puente!"
Tutorial_RechargeableBooster_1,,"<color=#FFDC23>Firework</color> unlocked!

It <color=#FFDC23>aims a Stack with a Goal</color>!","<color=#FFDC23>Firework</color> unlocked!

It <color=#FFDC23>aims a Stack with a Goal</color>!","<color=#FFDC23>Firework</color> unlocked!

It <color=#FFDC23>aims a Stack with a Goal</color>!","<color=#FFDC23>Petardo</color> desbloqueado!

<color=#FFDC23>Apunta una pila Objetivo</color>!"
Tutorial_RechargeableBooster_2,,"Clear <color=#FFDC23>any color but
your Goals to charge</color> it!","Clear <color=#FFDC23>any color but
your Goals to charge</color> it!","Clear <color=#FFDC23>any color but
your Goals to charge</color> it!",Elimina <color=#FFDC23>cualquier color excepto el Objetivo para cargarlo</color>!
EndChapter3_1,,Such a lovely hospital!,Such a lovely hospital!,Such a lovely hospital!,¡Que hospital tan bonito!
EndChapter3_2,,"Indeed!
But such a big hospital needs a lot of doctors and nurses!","Indeed!
But such a big hospital needs a lot of doctors and nurses!","Indeed!
But such a big hospital needs a lot of doctors and nurses!","¡Así es!
¡Pero un hospital tan grande necesita muchos doctores e inferemeras!"
EndChapter3_3,,Let's train more professionals!,Let's train more professionals!,Let's train more professionals!,¡Formemos más profesionales!
School_Unlock_1,,"Excellent!
I already feel smarter!","Excellent!
I already feel smarter!","Excellent!
I already feel smarter!","Excellent!
I already feel smarter!"
School_Unlock_2,,"Me too! Look!
""Mens sana in corpore sano""","Me too! Look!
""Mens sana in corpore sano""","Me too! Look!
""Mens sana in corpore sano""","Me too! Look!
""Mens sana in corpore sano"""
School_Unlock_3,,"You mean you want a sport court, right?","You mean you want a sport court, right?","You mean you want a sport court, right?","You mean you want a sport court, right?"
School_Unlock_4,,"Uhm...
Please?","Uhm...
Please?","Uhm...
Please?","Uhm...
Please?"
SportCourt_1,,"It's perfect!
This will attract a lot of students!","It's perfect!
This will attract a lot of students!","It's perfect!
This will attract a lot of students!","It's perfect!
This will attract a lot of students!"
SportCourt_2,,"Yes!
Let's prepare some residences for them!","Yes!
Let's prepare some residences for them!","Yes!
Let's prepare some residences for them!","Yes!
Let's prepare some residences for them!"
Prelevel1,,Complete levels to rebuild the city!,Complete levels to rebuild the city!,Complete levels to rebuild the city!,Complete levels to rebuild the city!